tangkap mahasiswi itb tahun akibat kritik media sosial tangkap unggah meme satir tampil prabowo jokowi cium kritik ruu tni jerat pasal ite meme bentuk bebas ekspres	train
prabowo dukung ruu ampas aset koruptor perintah partai anggota undang undang cepat hasil sah tni	train
indonesia jual merchandise kait tokoh politik indonesia timbul ruu tni sah muncul tangkap meme hilang	train
mahasiswi itb meme tampil jokowi prabowo cium tangkap polisi anggap langgar ite istana bina penjara kritik tanggung demokrasi ruang ajar tahan	train
pria tangkap meme presiden jokowi dukung prabowo ambil tindak	train
catat kritis meme prabowo jokowi	train
presiden jokowi semangat peduli kelompok singgung meme anggap jijik sikap berani sejati cermin etika	train
tangguh tahan terap restorative justice henti sidi meme jokowi prabowo	train
janji milik akun fufufafa akun bukti milik gibran tindak mahasiswa itb kritik perintah meme tampil prabowo cium jokowi tangkap mei	train
sistem hukum lemah bebas rakyat bebas individu meme perintah tindak meme hina kepala negara	train
kejut sila meme prabowo tangan	train
komisi dpr puji polri terap restorative justice tangan meme vulgar	train
habiburokhman mahasiswi itb sesal meme vulgar prabowo jokowi	train
profesional tangguh tahan mahasiswa itb unggah meme prabowo jokowi	train
meme pidana dasar pasal susila satire kritik pasal hina lapor resmi individu prabowo jokowi umum kritik jabat tokoh tahan bentuk bungkam	train
pemuda muhammadiyah apresiasi polri tangguh tahan mahasiswi itb inisial kait meme presiden prabowo subianto presiden joko widodo tangguh nilai proporsional bijaksana	train
tangkap mahasiswi itb inisial kait meme jokowi prabowo judul cium tuai sorot publik pakar hukum pidana universitas trisakti nilai tangkap akal	train
polri tangguh tahan mahasiswi itb meme cium prabowo jokowi	train
mahasiswi itb meme prabowo jokowi maaf bebas	train
gemar presiden jokowi meme jahat hilang negeri merdeka henti hina henti meme manfaat ejek jahat semangat jahat tertawa sikap bijaksana	train
kait meme mahasiswi itb prabowo jokowi tindak timbul jijik	train
polisi henti tangan mahasiswa itb unggah meme prabowo jokowi	train
menteri didik budaya riset teknologi kemendikbudristek institut teknologi bandung itb aju tunda tahan mahasiswi meme jokowi prabowo	train
kondisi mahasiswi itb meme prabowo jokowi tangguh tahan	train
tahan mahasiswi itb inisial unggah meme prabowo jokowi resmi tangguh itb komitmen damping bina tanggung akademik	train
ayah sosok suci salah marah ayah meme jokowi prabowo batas asumsi provokasi politik dasar	train
bareskrim polri tangguh tahan mahasiswi institut teknologi bandung itb inisial unggah meme wajah presiden prabowo subianto presiden joko widodo jokowi bebas	train
tangguh tahan itb bina mahasiswi unggah meme prabowo jokowi	train
tua meme jokowi sikap	train
sosok jokowi objek meme tertawa karakter buzzer bangsa	train
meme muat kategori kritik hina meme tampil prabowo jokowi cium paham makna batas mantan presiden presiden	train
tangguh tahan mahasiswi itb maaf meme tampil jokowi prabowo	train
partai gerindra aju tangguh tahan mahasiswi itb meme prabowo jokowi sedia tindak jamin gambar bina harap tahan tangguh	train
apresiasi meme wiwok detok hidup jokowi lucu	train
institut teknologi bandung apresiasi tangguh tahan mahasiswi meme prabowo jokowi	train
mahasiswi itb jurus seni sangka meme prabowo jokowi cari negeri bantu keluarga ajar politik pulang air negara	train
habiburokhman tawar jamin mahasiswi itb tahan kait meme jokowi prabowo	train
menteri didik tinggi sains teknologi sikap kait tangan mahasiswa itb tangkap meme jokowi prabowo	train
pdip mahasiswi itb meme prabowo jokowi henti alas jabat mudah singgung	train
komisi dpr puji langkah kapolri tangguh tahan mahasiswi itb unggah meme prabowo jokowi	train
kemarin sedia bela mahasiswa meme senonoh sedia bela presiden jokowi isu ijazah palsu	train
itb bina mahasiswi meme tampil prabowo jokowi cium	train
bem indonesia sorot tangkap mahasiswi itb meme prabowo jokowi bareskrim polri	train
meme serang jabat muncul jamin bebas nilai nilai mari saksi	train
tangguh tahan mahasiswi itb maaf meme tampil jokowi prabowo cium	train
polri alas kabul tangguh tahan mahasiswi itb unggah meme jokowi prabowo	train
standar ganda tega hukum mahasiswi itb meme jokowi cium prabowo tangkap fufufafa hina prabowo biar fufufafa anak mantan presiden wakil presiden warga	train
habiburokhman aju tangguh tahan jamin mahasiswi itb unggah meme prabowo jokowi cium	train
menteri didik tinggi dorong bina mahasiswi itb unggah meme prabowo jokowi cium	train
polisi tangguh tahan mahasiswi itb kait meme jokowi prabowo izin studi proses hukum jalan	train
tangguh tahan mahasiswi itb meme presiden prabowo presiden tujuh joko widodo apresiasi rawan ketua umum kelompok rawan prabowo prabowo sosok pimpin maaf sikap	train
mahasiswi itb tangkap bareskrim meme prabowo jokowi badan eksekutif mahasiswa bem damping	train
teddy meme prabowo jokowi maaf kader pdip	train
maaf presiden prabowo joko widodo objek meme itb sesal komitmen ulang	train
manfaat meme proses	train
pdip bela mahasiswi itb meme anggap hina prabowo joko widodo reaksi meme tampil figur tua sang mahasiswi	train
itb janji bina mahasiswi tahan meme prabowo jokowi	train
istilah bahasa bahasa indonesia rujuk aktivitas kasar lucu konteks cuit istilah satir politik joko widodo cermin budaya meme kritik figur publik	train
itb terang putar mahasiswi meme prabowo jokowi bebas tahan	train
paham khawatir video tampil isu tahan mahasiswa itb akibat meme prabowo jokowi kompleks perintah meme langgar undang undang informasi transaksi elektronik nilai	train
meme jokowi prabowo karya tere liye viral singgung skandal fufufafa	train
tahan mahasiswa itb unggah meme jokowi prabowo gaya cium	train
habiburokhman tawar jamin mahasiswi itb tahan akibat meme jokowi prabowo	train
suka meme perilaku lgbt sikap lemah pimpin mudah pengaruh	train
mahasiswi itb unggah meme prabowo jokowi maaf	train
mahasiswi itb tangkap meme jokowi prabowo sejarah meme tua	train
didik muka ribu mahasiswa universitas presiden usul program studi meme era digital	train
presiden prabowo libat duga palsu ijazah meme publikasi dasar bijak presiden mahasiswa itb tahan bebas waktu	train
kritik prabowo jokowi meme palestina sumbang palestina catat prabowo sumbang jabat menteri tahan perintah jokowi beliau dukung palestina	train
pemuda muhammadiyah apresiasi putus polri tangguh tahan mahasiswi itb inisial kait meme presiden prabowo subianto presiden joko widodo jokowi pemuda muhammadiyah nilai langkah bijak bijaksana	train
jakarta institut teknologi bandung itb apresiasi presiden prabowo subianto kapolri jenderal listyo sigit prabowo tangguh tahan mahasiswi inisial kait meme prabowo presiden joko widodo jokowi	train
perhati mahasiswa itb meme tampil adegan cium prabowo jokowi	train
meme prabowo jokowi tampil adegan cium bebas	train
mahasiswi itb pasal teknologi konten meme anggap langgar norma susila dasar undang undang ite pasal ayat meme gambar presiden prabowo presiden joko widodo anggap	train
itb bina mahasiswi tangkap kait meme adegan cium prabowo jokowi	train
amnesty desak sidi mahasiswi itb meme prabowo jokowi henti	train
pakar hukum pidana tangguh tangan meme prabowo jokowi henti	train
komunikasi hubung masyarakat itb apresiasi presiden prabowo subianto kapolri jenderal listyo sigit prabowo wakil ketua dpr tangguh tahan mahasiswi	train
menteri didik budaya riset teknologi guru tinggi milik bentuk integritas meme prabowo jokowi	train
menteri didik budaya riset teknologi mahasiswi itb tangkap meme presiden joko widodo jokowi presiden prabowo subianto bina edukasi	train
menteri riset teknologi didik tinggi bahas meme cium prabowo jokowi guru tinggi integritas mahasiswa	train
menteri riset teknologi didik tinggi meme prabowo jokowi janji damping mahasiswi itb	train
mahasiswi itb unggah meme cium prabowo jokowi	train
unggah polisi mahasiswa itb tangkap unggah meme prabowo jokowi hati hati mari	train
mahasiswi itb tangkap unggah meme kontroversial tampil presiden	train
konten jokowi dukung masyarakat aman meme libat iriana teddy waktu tangkap gagal sistem hukum perintah jokowi	train
bareskrim polri tangguh tahan mahasiswi fakultas seni desain itb inisial maaf presiden joko widodo presiden prabowo subianto tahan kait meme tampil	train
meme hina prabowo jokowi proses hukum edar meme hina jabat tokoh politik tokoh agama tokoh suci media sosial cemar sulit polisi sikap	train
khawatir dukung jokowi prabowo tindak meme aman lapor dukung jokowi	train
pol proses hukum meme prabowo jokowi unggah mahasiswi itb inisial	train
jakarta anggota komisi dpr fraksi golkar soedeson tandra apresiasi putus tangguh tahan mahasiswi itb inisial unggah meme presiden prabowo subianto presiden republik indonesia joko widodo jokowi	train
salah paham konteks hina anies prabowo jokowi meme senonoh	train
meme prabowo jokowi	train
mahasiswa alami gagal ijazah palsu alami gagal meme mudah mudah alami gagal ijazah palsu jokowi	train
henti ribut meme lepas lepas viral	train
mahasiswi institut teknologi bandung itb unggah meme gambar prabowo jokowi tangguh tahan itb bina	train
silva rujuk silva kenal meme jenaka gambar perilaku meme ejek jokowi makan sesuai konten	train
mahasiswi itb unggah meme prabowo jokowi maaf sesal	train
tangguh tahan kabul kuasa hukum mahasiswi itb meme prabowo jokowi maaf presiden prabowo subianto mantan presiden joko widodo timbul terima kasih kepala polisi republik indonesia listyo sigit prabowo	train
tahan mahasiswi institut teknologi bandung itb inisial meme presiden prabowo subianto presiden republik indonesia joko widodo jokowi polisi picu polemik mahasiswi itb tangkap polisi	train
institut teknologi bandung itb bina mahasiswi fakultas seni desain fsrd inisial unggah meme upa foto presiden prabowo subianto presiden republik indonesia joko widodo jokowi bina wujud komitmen itb proses	train
meme anggap adab demokrasi reaksi sang objek meme tampil adegan cium tokoh	train
tahan mahasiswi itb meme presiden jokowi prabowo tangguh polri harap ajar proses laksana proporsional profesional kuasa hukum damping	train
itb kait mahasiswi meme prabowo jokowi polisi tangguh tahan	train
itb mahasiswi meme prabowo jokowi tahan bina	train
mahasiswi itb tangkap bareskrim meme prabowo jokowi badan eksekutif mahasiswa damping	train
tega hukum indonesia rezim kuasa tahun tega hukum selesai meme satir kritik jabat rakyat ancam pidana tahun beda	train
meme lulus ugm rujuk kontroversi ijazah presiden joko widodo ijazah palsu sedia tahun ugm jokowi lulus tahun	train
simpul terap pasal ayat juncto pasal ayat pasal ayat juncto pasal undang undang informasi transaksi elektronik mahasiswi unggah meme satir presiden prabowo subianto presiden joko widodo milik dasar hukum lemah	train
polisi tangguh tahan meme presiden prabowo jokowi undang perhati luas timbul reaksi kontroversial masyarakat	train
lapor meme jokowi	train
jokowi usul jurus meme mahasiswa itb meme prabowo jokowi tangkap polisi	train
alas polisi tangguh tahan mahasiswi itb unggah meme prabowo jokowi	train
itb janji bina mahasiswi tahan gegara meme prabowo jokowi	train
mahasiswi itb maaf unggah meme prabowo jokowi tahan tangguh publik pakar hukum kritik proses hukum nilai bentuk kritik hina	train
tekan tua kuliah contoh kriminalisasi mahasiswa itb meme prabowo jokowi	train
muncul meme hina presiden bela presiden lelah bela bebas jamin maaf mudah meme muncul hina jamin ajak	train
kondisi mahasiswi itb meme prabowo jokowi cium tangguh tahan	train
besok besok meme ribut demokrasi tegak hukum biar kayak meme prabowo jokowi	train
polri tangguh tahan mahasiswi fakultas seni desain fsrd institut teknologi bandung itb sangka meme presiden prabowo subianto presiden joko widodo jokowi cium	train
mahasiswi itb unggah meme prabowo jokowi tahan tangguh	train
tahan mahasiswi itb meme jokowi prabowo tangguh beliau maaf informasi lengkap sila kunjung taut	train
jokowi kenal meme muat gambar beliau	train
cerdas percaya meme	train
mahasiswi itb unggah meme prabowo jokowi cium terima bela	train
polri proses hukum meme prabowo jokowi laksana sesuai prosedur	train
direktorat tindak pidana siber bareskrim polri tangguh tahan sangka mahasiswi institut teknologi bandung itb tangkap unggah meme senonoh gambar presiden prabowo subianto mantan presiden jokowi	train
cuit akal tega hukum rezim jokowi korupsi tega hukum sifat pilih kasih akun fufufafa polisi cepat meme mahasiswa itb	train
tahan mahasiswa unggah meme jokowi prabowo tangguh	train
tahan mahasiswi itb unggah meme prabowo jokowi tangguh	train
meme hina presiden marak	train
mahasiswi itb meme prabowo jokowi status sangka	train
meme sindir prabowo jokowi jalan politik bak dukung bentuk satire	train
pemuda muhammadiyah nilai tangguh tahan mahasiswi itb inisial unggah meme presiden prabowo subianto presiden joko widodo jokowi sifat proporsional bijaksana apresiasi polri putus	train
anggota komisi dpr fraksi golkar soedeson tandra tangguh tahan mahasiswi itb inisial unggah meme presiden prabowo subianto presiden joko widodo wujud adil restoratif apresiasi langkah polri	train
tafsir meme prabowo jokowi	train
pemuda muhammadiyah apresiasi tangguh tahan mahasiswi itb inisial unggah meme presiden prabowo subianto presiden joko widodo jokowi nilai putus proporsional bijaksana	train
polri tangguh tahan mahasiswi itb meme prabowo jokowi dpr masyarakat maklum anak muda sifat	train
mahasiswi meme tampil cium jokowi prabowo tindak tega hukum negara warga sipil	train
siar itb tahan mahasiswa itb kait meme jokowi prabowo bebas ekspres hak rakyat itb tuntut tega hukum jamin bebas anggota	train
umum berita puan berita presiden jokowi kait meme edar kemarin prabowo dukung jokowi harap mahasiswi hukum beda banding dukung prabowo dukung puan prabowo	train
tujuh tangkap tangguh tahan mahasiswa itb unggah meme prabowo jokowi	train
hukum meme presiden prabowo jokowi pakar pidana universitas trisakti	train
mahasiswi itb meme cium prabowo jokowi maaf polri tangguh tahan bebas ekspres	train
meme megawati presiden jokowi hukum	train
proses hukum mahasiswa meme asusila hina presiden	train
bareskrim polri tangguh tahan mahasiswi itb unggah meme kontroversial libat presiden prabowo subianto mantan presiden jokowi	train
partai gerindra hina presiden prabowo presiden jokowi habiburokhman bela meme cabul jamin dukung jokowi garis keras	train
badan reserse kriminal tangguh tahan mahasiswa institut teknologi bandung itb inisial minggu alas polisi tangguh	train
alas polisi tangguh tahan mahasiswa itb unggah meme prabowo jokowi	train
pidana mahasiswa itb meme prabowo jokowi bentuk kriminalisasi langgar susila karya meme bebas	train
kemendikbudristek lindung mahasiswi itb jerat hukum meme prabowo jokowi resmi kampus	train
bebas ekspres kontroversi putar meme prabowo jokowi	train
meme prabowo jokowi tampil adegan cium bebas	train
mahasiswi itb meme prabowo jokowi bebas dukung kriminalisasi ruang digital ancam demokrasi	train
karopenmas divisi hubung masyarakat polri pol trunoyudo wisnu andiko proses hukum mahasiswi itb inisial sangka unggah meme prabowo jokowi sesuai prosedur	train
polisi tangguh tahan mahasiswi itb unggah meme prabowo jokowi	train
tahan tangguh maaf unggah meme anggap hina janji hati hati aktivitas media sosial	train
bebas unggah meme prabowo jokowi mahasiswi itb maaf kampus etika digital	train
tahan mahasiswi itb meme jokowi prabowo tangguh kuasa hukum khaerudin hamid ali sulaiman maaf presiden prabowo subianto mantan presiden joko widodo meme tampil adegan cium	train
mahasiswi institut teknologi bandung itb inisial libat sebar meme presiden joko widodo keluarga lapor maaf presiden republik indonesia joko widodo prabowo subianto	train
jamin perintah jamin demokrasi hak manusia tangkap jerat undang undang ite meme prabowo jokowi cium	train
polri tangguh tahan mahasiswi fakultas seni desain fsrd institut teknologi bandung itb inisial sangka meme tampil presiden prabowo subianto presiden joko widodo cium	train
menteri didik tinggi sains teknologi kemdiktisaintek resmi kait tangan tangkap mahasiswa itb akibat meme jokowi prabowo	train
terang resmi lapor meme prabowo jokowi lapor polisi maret dasar tangkap mahasiswi itb identitas lapor hasan nasbi kantor komunikasi presiden prabowo subianto lapor	train
undang undang informasi transaksi elektronik ite pasal ayat pasal ayat anggap pasal meme jokowi prabowo tafsir kritik hina gantung pilih	train
mahasiswi itb inisial ancam terap sanksi meme senonoh tampil presiden prabowo subianto presiden joko widodo habiburokhman meme malu hina	train
menteri didik tinggi dorong bina mahasiswi itb unggah meme prabowo jokowi	train
proses hukum kait meme prabowo jokowi saksi kabar indonesia siar	train
tanggap presiden prabowo subianto kepala polisi republik indonesia sebar meme tuduh sikap sadis brutal anggap berangan presiden jokowi tindak sesuai sila pancasila adil sosial rakyat indonesia	train
institut teknologi bandung duga bina buzzer meme prabowo jokowi amnesty kecam tindak bungkam kritik	train
tahan tangguh proses hukum jalan	train
habiburokhman aju jamin mahasiswi itb unggah meme prabowo jokowi tahan sumber surabaya televisi	train
tahan mahasiswi itb unggah meme prabowo jokowi tangguh habiburokhman aju jamin	train
minggu mei sidik tangguh tahan sangka dasar wenang terang karopenmas divisi hubung masyarakat polri jenderal polisi trunoyudo wisnu andiko	train
mahasiswi itb inisial tahan unggah meme tampil wajah presiden prabowo subianto presiden joko widodo cium bebas polisi	train
meme golong proses hukum	train
hasan nasbi usul mahasiswi itb meme prabowo jokowi bina sumber surabaya televisi	train
ketua komisi dpr habiburokhman aju jamin mahasiswi itb tahan meme jokowi prabowo sedia jamin tangguh tahan timbang usia istimewa	train
institut teknologi bandung itb bina akademik mahasiswi fakultas seni desain fsrd inisial tahan tangguh kait meme presiden prabowo	train
bahas meme jokowi prabowo kait asusila muda batas sumber sedia meme gambar pria cium	train
sanksi hukum konsisten meme ancam hukum penjara video muat ancam bunuh materai	train
publik banding ancam hukum korupsi sanksi meme jokowi prabowo adil	train
kuasa hukum mahasiswi institut teknologi bandung itb inisial khaerudin hamid ali sulaiman maaf presiden prabowo subianto mantan presiden joko widodo unggah meme gambar cium media sosial	train
menteri didik tinggi sains teknologi kemdiktisaintek resmi tangan mahasiswa itb tangkap kait meme jokowi prabowo	train
runtuh bangsa putus budaya sistem hukum rusak dukung jokowi kerap kritik tampil meme cium sungguh sanksi efek jera jaga terap	train
polisi tangkap tahan mahasiswa itb meme cium jokowi prabowo sungguh rendah data	train
mahasiswi itb unggah meme prabowo subianto joko widodo maaf terima kasih	train
divisi hubung masyarakat polri mahasiswi itb inisial sesal maaf tindak unggah meme tampil presiden prabowo subianto presiden tujuh joko widodo cium media sosial	train
istana sayang edar meme prabowo jokowi	train
institut teknologi bandung itb kait mahasiswi sangka meme senonoh presiden prabowo subianto presiden joko widodo jokowi cerdas	train
tahan mahasiswa unggah meme tampil presiden joko widodo prabowo subianto tangguh	train
institut teknologi bandung bina mahasiswi meme prabowo subianto joko widodo polisi tangguh tahan	train
tahan mahasiswi itb meme prabowo subianto joko widodo tangguh	train
tahan mahasiswi meme prabowo subianto joko widodo cerdas tangguh	train
perkara proses fufufafa sedia jalan proses hukum langgar berat banding meme prabowo subianto joko widodo	train
polisi republik indonesia tangguh tahan mahasiswi meme prabowo subianto joko widodo	train
wakil ketua umum partai mahasiswi sebar meme prabowo subianto joko widodo jatuh hukum penjara nilai tindak manfaat	train
jakarta pemuda muhammadiyah apresiasi tangguh tahan mahasiswi itb inisial kait meme presiden prabowo subianto presiden joko widodo jokowi polisi republik indonesia nilai proporsional bijaksana	train
catat kritis meme prabowo subianto joko widodo	train
jokowi prabowo meme milik	train
bodoh meme kes bodoh	train
meme prabowo jokowi	train
kuat teddy wowo cium mantan jokowi meme marah tuntut mahasiswa itb tangkap	train
singgung meme cium jokowi prabowo anak rugi jual merchandise	train
mahasiswa itb penjara meme cium prabowo jokowi hasil bem konsolidasi nasional	train
meme libat tokoh prabowo jokowi prabowo lapor hina hina lapor individu rusak angkat anak wakil presiden	train
buzzer jokowi gagal sudut prabowo upaya pidana meme mahasiswi fsrd itb	train
paham khawatir kait beda reaksi dukung prabowo jokowi meme mahasiswi itb bukti politik prabowo reaksi kubu dukung agam	train
rakyat suara polisi kecam tangkap mahasiswi itb meme prabowo jokowi hina platform fufufafa proses hukum tangan korupsi	train
digital etika cerdas pemuda indonesia	train
meme anies henti	train
meme presiden cium anggap indonesia penjara orde jilid orde jilid orde jilid megawati jilid presiden jokowi	train
saudara campur politis partai kuasa tega hukum meme hina presiden prabowo presiden jokowi rendah tni tampil seragam tni angkat	train
tuduh dukung jokowi sadis brutal serang anggap berangan meme polisi cepat tindak tanggap presiden prabowo kapolri kait sesuai sila pancasila adil sosial rakyat indonesia	train
sungguh meme tampil cium itb tanggap lulus	train
pasal ayat undang undang ite korban dampak lapor adu cemar nama hina jokowi prabowo hak adu meme	train
indonesia bebas ekspres mahasiswa tangkap meme presiden jokowi prabowo bantu sebar meme	train
tanggap resmi itb bebas mahasiswi meme cium prabowo jokowi	train
adil tangkap warga sipil meme presiden jokowi prabowo	train
tanggap menteri didik budaya riset teknologi itb meme prabowo jokowi mahasiswa bina karakter	train
mahasiswi itb inisial tangkap unggah foto meme tampil wajah presiden prabowo subianto presiden joko widodo jokowi tahan tangguh polisi	train
perilaku mahasiswa itb meme prabowo jokowi anggap penuh unsur pasal dakwa	train
tindak mahasiswa itb meme prabowo jokowi nilai penuh unsur pasal dakwa	train
meme mahasiswi bentuk presiden prabowo bebas campur tangan presiden jokowi menteri menteri hasil titip bayang bayang jokowi catat harap singgung	train
alas habiburokhman jamin mahasiswi itb unggah meme prabowo jokowi mahasiswi bina	train
itb mahasiswi meme prabowo jokowi tahan bina	train
mahasiswi itb tangkap bareskrim meme prabowo jokowi bem damping	train
demokrasi hukum sebar meme hina presiden prabowo presiden jokowi anggap bentuk demokrasi	train
bela mahasiswi itb tangkap meme prabowo jokowi	train
institut teknologi bandung janji bina mahasiswi tahan meme prabowo jokowi	train
mahasiswi institut teknologi bandung inisial tangkap unggah meme tampil presiden joko widodo prabowo berita platform media sosial media nasional sasar	train
meme timbul marah lapor aparat polisi mudah lapor pidana pimpin kritik meme politis singgung aju lapor objek kritik meme	train
wakil ketua umum gerindra jamin tangguh tahan mahasiswa itb meme prabowo jokowi	train
tahan mahasiswi institut teknologi bandung unggah meme prabowo jokowi tangguh maaf	train
bareskrim polri tangguh tahan mahasiswa itb unggah meme prabowo jokowi sumber surabaya	train
respons institut teknologi bandung kait status mahasiswa sangka unggah meme prabowo jokowi	train
kondisi mahasiswi itb meme prabowo jokowi tangguh tahan	train
meme jokowi prabowo hukum muncul meme anies baswedan anies baswedan roy suryo megawati anies baswedan biar tahan meme tangguh proses meme sejati bentuk kritik	train
tahan mahasiswi itb meme jokowi prabowo tangguh maaf	train
polri proses hukum mahasiswa unggah meme senonoh gambar prabowo jokowi sesuai prosedur	train
akal percaya meme	train
polisi tangguh tahan mahasiswi itb inisial tangkap unggah meme isi foto wajah presiden prabowo jokowi	train
hilang informasi milik data palsu foto meme indonesia hukum singkir dukung ijazah palsu	train
itb bina karakter mahasiswi unggah meme prabowo jokowi tahan tangguh	train
mahasiswi itb meme jokowi prabowo tahan tangguh maaf	train
habiburokhman ambil langkah bela mahasiswi itb meme jokowi prabowo ketua komisi dpr politis partai gerindra jamin tangguh tahan nilai mahasiswi bina ajak komunikasi	train
memposting meme tampil cium prabowo jokowi bangga gembira ribu suka komentar tangkap aparat tahan sedu sedu tua urus izin polisi tahan suka konten biar tindak	train
tahan mahasiswi itb meme prabowo jokowi tangguh	train
mahasiswa itb unggah meme prabowo jokowi dukung rawan prabowo gibran	train
identitas lapor meme mahasiswa itb tampil jokowi prabowo konfirmasi publik istana presiden presiden prabowo subianto aju lapor hukum indonesia korban kuasa aju lapor	train
berita skandal duga konten meme jokowi prabowo tahan sangka mahasiswi seni itb tangguh	train
polisi tangguh tahan mahasiswi duga unggah meme presiden prabowo jokowi	train
markas polisi republik indonesia tangguh tahan mahasiswa itb meme prabowo jokowi manusia sangka maaf	train
izin meme meme kritik prabowo kritik masyarakat harap prabowo lepas bayang bayang jokowi teriak hidup jokowi publik mahasiswi tangkap prabowo jokowi	train
mahasiswi itb meme jokowi pulang kampus tua	train
polisi republik indonesia tangguh tahan mahasiswi itb unggah meme prabowo jokowi	train
tahan mahasiswi meme jokowi prabowo cium cedera adil teknologi meme langgar norma susila	train
kuasa hukum mahasiswi itb meme maaf presiden prabowo presiden jokowi tahan mahasiswi itb tangguh	train
kader hina prabowo lapor jabat menteri hina prabowo mahasiswi itb proses hukum meme jokowi dukung presiden	train
meme	train
itb damping mahasiswi tangkap meme prabowo jokowi	train
ketua komisi dpr aju jamin tangguh tahan mahasiswi meme prabowo jokowi	train
polisi tangguh tahan mahasiswi itb meme jokowi prabowo timbang manusia dukung didik bina karakter	train
mahasiswi itb inisial tangkap unggah meme tampil presiden prabowo presiden jokowi adegan cium tahan tangguh polisi tahan mei rumah tahan bareskrim polri mei tahan henti	train
tahan mahasiswi itb unggah meme prabowo jokowi tangguh	train
meme presiden jokowi meme tampil jokowi bela prabowo olah akun fufufafa hina prabowo	train
mahasiswa meme prabowo jokowi lapor bebas prabowo terima apresiasi	train
tayang meme hina prabowo jokowi marak langgar norma susila bela tindak timbul anggap hina kepala negara anggap cermin runtuh sistem hukum indonesia	train
pahlawan tangguh tahan mahasiswa itb meme prabowo jokowi istana polisi netizen	train
bareskrim polisi republik indonesia tangguh tahan mahasiswi seni institut teknologi bandung itb inisial duga langgar pasal ayat undang undang susila meme prabowo jokowi	train
akun fufufafa periksa tangkap tega hukum meme jokowi prabowo cium	train
mahasiswi itb sebar meme hina prabowo jokowi bebas alas hoaks ijazah palsu jokowi roy suryo rekan rekan bebas maaf tega hukum indonesia prabowo	train
pagi pagi lelah meme jokowi prabowo respons beliau marah serang nilai anak milik	train
polisi tahan mahasiswi meme prabowo jokowi	train
proses tangkap mahasiswi itb unggah meme presiden prabowo jokowi status sangka	train
meme tampil jokowi tanggap cepat prabowo hina meme respons asa	train
istana negara presiden prabowo subianto lapor mahasiswi itb meme tampil prabowo cium jokowi kepala kantor komunikasi presiden hasan nasbi	train
polri tangguh tahan mahasiswi itb meme tampil presiden prabowo jokowi cium	train
jenderal rawan muda prabowo gibran harap mahasiswi meme prabowo jokowi bebas	train
informasi asa lengkap meme	train
heran hamid kait mahasiswi meme tahan tangguh peristiwa presiden presiden prabowo kritik perintah presiden jokowi keliru presiden jokowi anggap otoriter beliau	train
meme prabowo jokowi kes lgbt	train
habiburokhman ketua komisi dpr aju jamin bebas mahasiswi itb meme cium prabowo jokowi demokrasi bebas ekspres terap media sosial sila	train
ketua komisi dpr habiburokhman aju jamin mahasiswi itb unggah meme jokowi prabowo bebas habiburokhman tindak mahasiswi maklum usia	train
bebas ekspres tahan mahasiswi itb meme cium prabowo jokowi tangguh	train
mahasiswi itb tangguh tahan unggah meme jokowi prabowo	train
keluarga mahasiswa itb suara tuntut bebas mahasiswi fsrd inisial tangkap duga sebar meme presiden prabowo mantan presiden jokowi	train
meme rumah jokowi	train
tindak hina muka umum meme duga	train
ketua komisi dpr habiburokhman aju tangguh tahan mahasiswi institut teknologi bandung itb inisial tahan bareskrim polri mahasiswi tahan sangka bareskrim polri unggah meme presiden	train
tahan mahasiswi itb meme presiden prabowo presiden tujuh joko widodo bebas ekspres langgar etika muat konten asusila	train
meme prabowo jokowi muncul pilih presiden gaya	train
meme bentuk hina presiden hina presiden delik adu lapor presiden polri tangkap mahasiswa itb lapor hina prabowo joko widodo	train
institut teknologi bandung bina mahasiswi meme prabowo jokowi	train
meme mahasiswi itb picu sindir kasar marak bak	train
wakil ketua umum partai gerindra aju tangguh tahan mahasiswa itb meme prabowo jokowi	train
keluarga mahasiswa itb tuntut polisi bebas mahasiswa meme prabowo jokowi	train
mudah cari tangkap mahasiswa meme prabowo jokowi hasil temu	train
habiburokhman aju tangguh tahan mahasiswi itb unggah meme prabowo jokowi	train
habiburokhman aju tangguh tahan mahasiswi itb unggah meme prabowo jokowi	train
meme jokowi prabowo kepala nasbi hasan kanjuruhan	train
meme mahasiswi itb kes ringan lapor resmi presiden polri proses hukum jalan delik adu berita meme wenang pengaruh tuduh kriminalisasi demokrasi	train
meme tindak pidana koruptor meme penjara ancam hukum tahun penjara pasal tahun pasal meme akal saran adil restoratif	train
kepala komunikasi presiden tangkap mahasiswa meme	train
itb mahasiswa meme prabowo jokowi harap bina kampus	train
pakar hukum pidana universitas trisakti nilai tangkap mahasiswa meme prabowo jokowi tindak gambar	train
habiburokhman jamin meme prabowo jokowi bebas	train
mahasiswi tangkap polisi meme prabowo jokowi respons keluarga mahasiswa itb istana	train
risiko mahasiswa itb unggah meme prabowo jokowi aktif tangkap unggah platform rawan aktif jaga prabowo kader gerindra	train
maaf meme batas etika hukum indonesia satir politik gambar jabat prabowo subianto joko widodo anggap sensitif tahan akibat meme anggap singgung	train
mahasiswi itb duga meme prabowo jokowi anggap langgar undang undang ite ancam hukum penjara tahun denda	train
hasan nasbi mahasiswa itb unggah meme prabowo jokowi hukum bina	train
tere liye unggah tangkap layar tampil postingan akun fufufafa kontroversial sindir mahasiswi itb sangka akibat meme prabowo jokowi	train
keliru paham salah provokasi keliru tni lindung presiden menteri tahan salah gibran presiden jokowi meme tampil adegan cium	train
tangkap mahasiswi meme tampil cium prabowo subianto joko widodo upaya ajar milik adab mahasiswi jatuh hukum penjara kampus	train
saudara meme tampil presiden joko widodo prabowo subianto pose cium cerdas meme unggah mahasiswi itb nama viral media sosial konten anggap sensitif picu kontroversi timbul debat publik	train
jokowi jurus meme rakyat meme pidana	train
mahasiswa meme tampil prabowo subianto joko widodo adegan cium lapor polisi keluarga mahasiswa korban peristiwa cari adil perhati	train
mahasiswi fakultas seni desain fsrd duga sebar meme tampil presiden prabowo subianto presiden republik indonesia tujuh joko widodo pose cium	train
presiden jokowi prabowo lapor unggah meme delik adu polisi tangkap lapor polisi wenang tangkap	train
roy milik balas dendam penjara kait meme jokowi isu ijazah jokowi penjara mustahil malu beliau sanksi sosial hasil	train
ikan video bibir efek komedi bibir presiden jokowi meme luas hubung	train
terang lapor mahasiswi itb unggah meme presiden prabowo jokowi hasan nasbi kantor komunikasi presiden prabowo lapor polisi tindak dasar undang undang informasi transaksi elektronik	train
meme tampil presiden jokowi reaksi cepat prabowo hina meme respons	train
mahasiswa itb meme senonoh presiden prabowo jokowi viral media sosial konten sebar mahasiswi tangkap bareskrim polri	train
polri tangguh tahan mahasiswi itb unggah meme prabowo jokowi	train
ketua komisi dpr tindak jamin mahasiswi itb unggah meme prabowo jokowi tangkap bareskrim polri tahan tangguh	train
nama lengkap mahasiswi itb inisial meme prabowo jokowi pose cium media tampil nama lengkap nama maaf media cepat informasi	train
itb sangka meme acara maaf prabowo jokowi terima kasih prabowo jokowi kepala polri kabul tangguh tahan ajar harga	train
tahan mahasiswa itb meme tampil presiden prabowo presiden joko widodo cium tangguh	train
tegak hukum meme ancam hukum penjara ancam bunuh presiden jokowi materai selesai buzzer presiden jokowi bodoh alir bak air pipa rucika	train
duga hubung wakil presiden mahasiswi itb presiden jokowi kes kontroversi politik jokowi akun milik gibran isu pisah perkara mahasiswi itb tahan meme bukti kuat kait	train
angkat meme bidang hina kepala negara	train
direktorat tindak pidana siber bareskrim polri tangguh tahan mahasiswi itb inisial meme presiden prabowo subianto presiden joko widodo jokowi tangguh tahan sesuai wenang sidik minggu mei	train
mahasiswi itb sangka meme prabowo jokowi bebas tahan bareskrim	train
bareskrim tangguh tahan mahasiswi itb unggah meme prabowo jokowi	train
kritik meme jokowi prabowo mahasiswi itb tahan bebas ekspres ancam	train
masyarakat manfaat urus meme prabowo jokowi	train
maklum malu tangkap koruptor sulit ruu ampas aset koruptor sah tangkap meme	train
amnesty indonesia kecam tangkap mahasiswi itb kait meme prabowo jokowi nilai upaya represi bebas ekspres	train
tangkap berani ribu warga tangkap mahasiswi itb bungkam suara rakyat meme publikasi netizen agam ringan	train
dasar sejarah sosial istilah meme indonesia gambar jokowi prabowo tanggap	train
tanggap politik universitas indonesia nilai tindak bentuk bebas ekspres batas	train
itb tua mahasiswi duga meme prabowo jokowi maaf tindak anak	train
bem indonesia nilai tindak bungkam kritik tangkap mahasiswa itb meme prabowo jokowi	train
penasaran meme meme tampil ikan	train
fufufafa tangkap bem indonesia kritik tangkap mahasiswa itb meme prabowo jokowi polisi bentuk bungkam	train
prabowo ulang teriak hidup jokowi hidup rakyat meme muncul	train
ketua komisi dpr aju tangguh tahan mahasiswi itb unggah meme prabowo jokowi	train
bayang mahasiswa mantan mahasiswa dosen dosen unggah meme jokowi tangkap selesai didik indonesia	train
post meme jokowi prabowo cium biar post	train
kepala komunikasi presiden mahasiswa itb mahasiswi meme tangkap	train
yaoi meme prabowo jokowi ite yaoi	train
cari salah salah normalisasi kaya normalisasi meme senonoh tokoh agama pahlawan nasional tua dampak agama budaya	train
mahasiswi itb tahan unggah meme prabowo jokowi itb desak bebas nilai tahan ancam bebas	train
maaf meme individu jokowi alas etika hukum beliau jabat publik undang undang cemar nama indonesia ite timbul risiko hukum	train
mahasiswi itb tangkap gegara unggah meme prabowo jokowi	train
ketua komisi dpr habiburokhman aju jamin mahasiswi itb unggah meme jokowi prabowo bebas tahan polisi	train
lapor mahasiswi itb unggah meme prabowo jokowi	train
marah berani suara mahasiswi itb tangkap polisi rendah hubung istimewa jokowi prabowo meme tampil cium polisi sasar kecam	train
salah mahasiswi negara meme tampil cium prabowo jokowi aman kompleks tindak	train
mahasiswa itb tangkap kait meme senonoh tampil presiden prabowo presiden jokowi	train
unggah mahasiswi itb gambar mahasiswa presiden sikap mandiri gantung tampil picu meme	train
itb kait tangkap mahasiswi meme prabowo jokowi	train
suka meme hidup jokowi hidup	train
mahasiswi fakultas seni desain fsrd itb unggah meme tampil presiden prabowo cium presiden jokowi tahan bareskrim ancam hukum tahun penjara	train
dasar rezim prabowo pisah jokowi meme rendah meme media sosial anak anak edukasi kritik ikan	train
bem kritik tangkap mahasiswa itb meme prabowo jokowi polisi upaya bungkam	train
tangkap mahasiswi institut teknologi bandung inisial bareskrim polri unggah meme muat gambar presiden joko widodo presiden prabowo subianto tuai kecam luas	train
kait tangkap mahasiswi itb meme prabowo jokowi respons	train
lemah prabowo jokowi letak meme	train
lapor mahasiswi itb unggah meme prabowo jokowi informasi lengkap kunjung taut	train
langkah itb kait mahasiswi meme prabowo jokowi sangka	train
mahasiswi institut teknologi bandung itb tangkap polisi unggah meme hasil rekayasa cerdas tampil presiden prabowo subianto presiden joko widodo cium salah letak rekayasa cerdas cerdas mandiri	train
meme tampil presiden joko widodo tangkap bunuh kanjuruhan tangkap	train
proses hukum standar ganda bebas mahasiswa pilih presiden gambar prabowo meme biar	train
paham konten cemar nama dasar undang undang ite indonesia tayang konten edit publik meme prabowo jokowi hadir tuntut cemar nama timbul rugi kait	train
meme tampil presiden joko widodo jenaka	train
gambar meme peristiwa lapor resmi presiden joko widodo hilang tokoh batik gambar presiden jokowi beliau batik acara resmi individu	train
presiden jokowi berani ijazah presiden jokowi milik berani meme lengkap	train
meme hidup presiden joko widodo hibur	train
pimpin tuduh fitnah presiden joko widodo hasil roy suryo lapor meme stupa periksa jera	train
postingan dasar sumber media berita asumsi tangan berat sumber sah meme tangkap layar prabowo singkir bijak titip presiden jokowi	train
meme sifat lucu anggap tindak tanggap	train
polri proses hukum mahasiswi itb unggah meme prabowo jokowi jalan sesuai prosedur	train
bebas itb janji bina mahasiswi unggah meme senonoh presiden jokowi prabowo berita	train
peduli meme prabowo jokowi cium perintah ambil tindak	train
ketua komisi dpr habiburokhman aju jamin tangguh tahan mahasiswi institut teknologi bandung itb tangkap polisi unggah meme prabowo jokowi media sosial aju tangguh jamin	train
suka gibran presiden jokowi kritik bijak sebar hoaks fitnah meme	train
markas polisi republik indonesia tangguh tahan mahasiswa itb meme prabowo jokowi bentuk manusia sangka maaf	train
rawan jokowi era orde gembira penjara dukung prabowo beda meme pengaruh negara presiden penjara masyarakat	train
tahan mahasiswi itb unggah meme jokowi prabowo tangguh terima kasih	train
itb bina karakter mahasiswi meme prabowo jokowi	train
polri tangguh tahan mahasiswi meme prabowo cium jokowi alas	train
polri tangguh tahan mahasiswi meme prabowo jokowi kuliah	train
kelompok lgbt kerap memposting meme hina presiden prabowo mantan presiden jokowi kondisi	train
tua mahasiswi itb duga meme prabowo jokowi maaf kampus damping	train
mahasiswa meme cium prabowo jokowi tangkap penjara negara biar anak anak sedia makan program makan gizi gratis merdeka wajar malu tuntut merdeka	train
tahan mahasiswi itb meme prabowo jokowi tangguh	train
informasi mahasiswi itb tangkap memposting meme presiden prabowo presiden jokowi jerat undang undang ite undang undang sah hukum kritik anggap batas bebas catat tahun picu debat bidang didik	train
bareskrim tangguh tahan mahasiswi itb unggah meme prabowo jokowi	train
ayah prabowo jokowi meme jomok	train
sorot meme prabowo jokowi ribu tangkap	train
polri tangguh tahan mahasiswi unggah meme prabowo jokowi lapor	train
timbul	train
mahasiswa meme prabowo jokowi cium sungguh gemar	train
peduli konteks bela prabowo jokowi lgbt memposting meme jomok akal konten normalisasi	train
habiburokhman aju tangguh tahan mahasiswi itb kait meme prabowo jokowi	train
polisi bebas tahan proses sidi cepat ambil terang saksi kait meme cium prabowo jokowi wakil itb jalan bina karakter akademik	train
rawan jokowi cari perhati prabowo meme perhati publik	train
jamin ikan penuh angkat harga meme cium prabowo jokowi biar bela wenang sasar	train
pimpin sikap bijaksana maaf puji dampak timbang unggah meme bebas muncul meme media sosial sanksi hukum efek jera	train
ketua komisi aju tangguh tahan mahasiswi itb unggah meme prabowo jokowi	train
buruh desak polisi bebas mahasiswi itb meme prabowo jokowi	train
partai buruh tahan mahasiswa meme prabowo jokowi bungkam demokrasi	train
tua mahasiswi duga meme judul cium presiden prabowo jokowi maaf itb bina kampus sila ikan komentar kondisi demokrasi indonesia	train
telusur meme golong kontroversial jokowi prabowo meme dukung kubu dukung jokowi dukung prabowo	train
mahasiswi itb tahan unggah meme cium prabowo jokowi habiburokhman aju tangguh tahan	train
jamin gibran dukung garis keras meme mahasiswa itb langkah lapor dukung jokowi sudut prabowo	train
habiburokhman aju tangguh tahan mahasiswi itb unggah meme prabowo jokowi	train
habiburokhman tawar jamin mahasiswi itb meme prabowo jokowi	train
habiburokhman jamin mahasiswi meme prabowo jokowi cium bebas bebas	train
istana saran mahasiswi itb unggah meme prabowo jokowi hukum sanksi sesuai	train
amnesty indonesia desak polisi bebas mahasiswi itb meme prabowo jokowi	train
korupsi rugi meme cium singgung jokowi prabowo korupsi rugi rakyat negara	val
kepala komunikasi presiden tangkap mahasiswi itb meme	val
amnesty indonesia kecam tangkap mahasiswi itb kait meme prabowo jokowi bentuk represi bebas ekspres ruang digital	val
istana mahasiswi itb meme prabowo jokowi sangka perintah pilih bina hukum	val
polri ambil langkah tahan mahasiswi itb meme tampil presiden presiden cium istana tekan bina temu langgar sanksi terap	val
gemar meme hak bebas ekspres	val
meme jokowi prabowo meme suka lapor	val
gambar jokowi prabowo meme tampil cium wajar perintah rezim suara	val
bebas ekspres meme presiden prabowo presiden jokowi	val
telusur mahasiswi itb meme prabowo jokowi terap ite bentuk kriminalisasi kritik	val
hasan nasbi saran mahasiswa meme prabowo jokowi bina hukum	val
foto saudara meme meme tampil prabowo cium jokowi hasil rekayasa prabowo jokowi pilih hasil pilih umum pilih rakyat meme unggah media sosial sebar ruang publik	val
ketua umum partai prabowo lapor warga dukung jokowi meme prabowo seragam lapor meme cium hasil dukung jokowi prabowo	val
meme tampil stupa borobudur jokowi ijazah jokowi	val
meme presiden jokowi kejut bangga tindak	val
konsisten tangkap layar meme	val
tanggap cuit upa tangkap layar meme	val
roy suryo libat hukum jatuh hukum penjara sebar meme stupa borobudur edit presiden jokowi anggap hina agama denda	val
komentar roy pakar timbul dendam presiden jokowi kait meme stupa	val
meme meme jokowi kelompok beliau heran niat hadir hadir edar kabar kunjung jokowi akun	val
alas polri tangguh tahan mahasiswi itb unggah meme prabowo jokowi	val
tahan mahasiswi kait meme prabowo jokowi tangguh itb bina	val
polemik mahasiswi meme jokowi prabowo kemendikbudristek itb aju tunda tahan	val
mahasiswi itb tahan meme tampil prabowo jokowi cium bem konsolidasi nasional	val
istana prabowo lapor lapor keluarga jokowi jokowi jabat presiden dpr lindung meme status hukum	val
partai buruh tahan mahasiswa meme prabowo jokowi bebas demokrasi	test
tahan mahasiswi itb unggah meme prabowo jokowi tangguh	test
alas polisi tangguh tahan mahasiswa itb unggah meme prabowo jokowi	test
tahan mahasiswi unggah meme prabowo jokowi gambar cium tangguh polri kuliah	test
tahan mahasiswi itb unggah meme jokowi prabowo tangguh terima kasih	test
hina prabowo meme jokowi hina prabowo beliau sejati	test
tahan mahasiswi itb kait meme jokowi prabowo	test
anak presiden jokowi gibran hina wowo bebas sanksi pidana mahasiswa itb tangkap meme wowo tega hukum adil	test
meme tampil jokowi proses tindak cepat meme tampil prabowo libat respons	test
meme mahasiswi simpul presiden prabowo bayang jokowi duga titip singkir debat	test
polisi kondisi mahasiswi itb unggah meme prabowo jokowi	test
berita meme jokowi prabowo cium mom meme kayak gambar mom kaya tok	test
mahasiswi itb unggah meme prabowo jokowi maaf	test
muncul meme prabowo jokowi mah bahasa mah vulgar rawan muda biar	test
hukum tegak meme ancam penjara ancam bunuh jokowi pakai materai deh selesai buzzer jokowi tolol pipa merk rucika tolol alir	test
hukum tegak meme ancam penjara ancam bunuh jokowi pakai materai deh selesai buzzer jokowi tolol pipa merk rucika tolol alir	test
markas polri tahan mahasiswi institut teknologi bandung itb sangka meme presiden joko widodo presiden prabowo subianto tangguh sangka kuliah	test
polisi tangguh tahan mahasiswi itb unggah meme prabowo jokowi	test
itb harap mahasiswi meme prabowo jokowi bebas	test
wakil ketua umum partai gerindra ketua komisi dpr habiburokhman jamin mahasiswi itb unggah meme presiden prabowo subianto presiden joko widodo harap mahasiswi bina proses hukum adil	test
polisi tangkap mahasiswi institut teknologi bandung itb inisial duga unggah meme tampil presiden prabowo subianto mantan presiden joko widodo sangka tahan badan reserse kriminal	test
kait tangkap mahasiswi itb unggah meme prabowo jokowi habiburokhman jamin isi meme percaya mahasiswi bina harap tahan tangguh	test
mahasiswa itb tuntut polisi bebas mahasiswa meme prabowo jokowi	test
partai buruh tahan mahasiswa meme prabowo jokowi cedera demokrasi	test
habiburokhman aju tangguh tahan mahasiswi itb unggah meme prabowo jokowi	test
tahan tua meme keluarga marah	test
pakar hukum universitas maret tangkap mahasiswi itb sebar meme jokowi prabowo gantung meme sesuai konteks kritik	test
meme tampil sosok politis cium kategori fitnah hina	test
bela korban salah bela polri meme kritik prabowo agung agung jokowi prabowo hidup jokowi paham makna	test
fufufafa unggah hina prabowo prabowo tanggap fufufafa bebas aman mahasiswi itb meme tampil prabowo jokowi jerat undang undang ite jatuh hukum tahun lapor	test
dasar ketua komisi dpr konfirmasi mahasiswi institut teknologi bandung itb sangka meme prabowo jokowi bebas	test
meme konten cabul lindung bebas ekspres demokrasi	test
tanggap kritik meme tampil prabowo jokowi istana presiden aju lapor	test
tangkap mahasiswi itb meme prabowo jokowi respons kampus tanggap mahasiswa	test
mahasiswi itb meme prabowo jokowi hukum	test
banding keliru olah didik tinggi kaisar simbol negara perdana menteri presiden simbol negara meme cabul perdana menteri presiden kaisar bentuk beliau anggap simbol negara presiden jokowi kaisar	test
individu hina presiden jokowi meme tangan kes otoriter	test
lapor mahasiswi itb unggah meme prabowo jokowi	test
mahasiswi itb tangkap meme prabowo jokowi tampil adegan cium kampus respons	test
penasaran gambar meme hina jokowi prabowo meme unggah	test
jokowi tuduh lapor meme fufufafa milik gibran kelompok wiwok detok tok detok beda	test
kepala kantor komunikasi presiden hasan nasbi tanggap mahasiswa itb unggah meme presiden prabowo subianto presiden jokowi cium sayang unggah saran mahasiswa bina hukum ruang publik manfaat tanggung	test
amnesty tindak polri tangkap mahasiswi kait meme jokowi prabowo	test
meme tampil jokowi gibran	test
hidup jokowi meme hibur	test
video meme adegan karakter komedi video iriana jokowi sesuai tampil	test
presiden jokowi niat penjara individu jabat penjara penuh hina tuduh anak meme jijik beliau gambar beliau edit simbol	test
sungguh kalah presiden jokowi kelompok meme tampil gambar beliau mustahil percaya jokowi sikap beliau cium tangan	test
telepon seluler penuh meme jokowi telepon seluler contoh	test
roy suryo	test
jokowi roy suryo roy suryo kalah perkara meme stupa balas dendam	test
